SymbolID,QuoteDT,Open,Volume
193,20180817,27.8,225310
193,20180820,28.3,240035
193,20180821,28.35,278076
193,20180822,28.9,445287
193,20180823,29.3,403238
193,20180824,28.85,500095
193,20180827,29.15,276882
193,20180828,29.15,215453
193,20180829,29.2,245629
193,20180830,28.6,345606
193,20180831,28.5,234705
193,20180904,28.85,577606
193,20180905,28.3,315453
193,20180906,28.2,386846
193,20180907,27.6,190631
193,20180910,27.8,3639688
193,20180911,20.9,1699059
193,20180912,19,1720480
193,20180913,15.75,2802832
193,20180914,17.9,788618
193,20180917,17.3,879739
193,20180918,17.4,603440
193,20180919,17.75,573666
193,20180920,17.95,451070
286,20180817,5.05,449762
286,20180820,5.2,304007
286,20180821,5.25,278303
286,20180822,5.5,505670
286,20180823,5.95,563601
286,20180824,5.85,471137
286,20180827,5.95,416789
286,20180828,5.65,291566
286,20180829,5.9,316022
286,20180830,6.5,1522393
286,20180831,7.15,1271343
286,20180904,7.6,791459
286,20180905,7,625837
286,20180906,7.25,644040
286,20180907,6.55,271889
286,20180910,6.7,357841
286,20180911,6.6,365127
286,20180912,6.4,472413
286,20180913,6.25,295507
286,20180914,6,382482
286,20180917,6.15,390858
286,20180918,5.95,365991
286,20180919,5.75,419195
286,20180920,6.3,951522
458,20180817,15.92,46821
458,20180820,15.96,48125
458,20180821,15.88,66877
458,20180822,16,73253
458,20180823,16.12,40111
458,20180824,16.51,56455
458,20180827,16.75,98374
458,20180828,16.51,34006
458,20180829,16.28,43314
458,20180830,16.15,28416
458,20180831,16.07,21409
458,20180904,15.98,101862
458,20180905,15.43,46933
458,20180906,15.33,37758
458,20180907,15.47,35358
458,20180910,15.59,42739
458,20180911,15.61,36229
458,20180912,15.56,29206
458,20180913,15.58,63115
458,20180914,15.75,383375
458,20180917,16.46,72033
458,20180918,16.23,266055
458,20180919,16.03,123177
458,20180920,16.35,74822
572,20180817,35.77,121166
572,20180820,36,192202
572,20180821,34.76,856280
572,20180822,35.06,249354
572,20180823,34,156572
572,20180824,34.11,123264
572,20180827,32.38,413911
572,20180828,23.73,1915666
572,20180829,25,952210
572,20180830,25.07,401680
572,20180831,25.84,349540
572,20180904,26.5,314822
572,20180905,26.36,223082
572,20180906,27.43,353559
572,20180907,25.48,361430
572,20180910,26.41,334663
572,20180911,24.87,193115
572,20180912,24.53,166430
572,20180913,25,166616
572,20180914,24.66,216718
572,20180917,24.16,220630
572,20180918,26,235834
572,20180919,26.41,245768
572,20180920,27.27,268535
951,20180817,18.73,271232
951,20180820,17.6,124893
951,20180821,17.04,168736
951,20180822,18.12,149244
951,20180823,18.04,177629
951,20180824,18.04,166962
951,20180827,18.29,176757
951,20180828,18.43,188373
951,20180829,18.61,197031
951,20180830,18.99,157776
951,20180831,19.13,313857
951,20180904,19.52,202808
951,20180905,20,112837
951,20180906,19.68,178316
951,20180907,17.75,239033
951,20180910,17.25,205295
951,20180911,17.66,356509
951,20180912,18.12,255275
951,20180913,19.1,245066
951,20180914,18.81,207341
951,20180917,18.5,283217
951,20180918,18.5,294497
951,20180919,18.25,416599
951,20180920,18.51,437036
2016,20180817,47.96,319462
2016,20180820,46.72,178894
2016,20180821,45.75,507347
2016,20180822,45.99,322510
2016,20180823,45.88,647859
2016,20180824,47.01,543118
2016,20180827,44.8,526711
2016,20180828,44.37,659658
2016,20180829,42.34,859922
2016,20180830,37.46,1792699
2016,20180831,34.14,1453657
2016,20180904,42.1,1104939
2016,20180905,36.72,790524
2016,20180906,41.25,714149
2016,20180907,44.46,460418
2016,20180910,42.72,276953
2016,20180911,41.15,531248
2016,20180912,40.04,418121
2016,20180913,40.63,398778
2016,20180914,39.83,398592
2016,20180917,39.41,798945
2016,20180918,39.77,334410
2016,20180919,39.34,1146440
2016,20180920,41.64,2621317
2131,20180817,41.15,49072
2131,20180820,41.65,47207
2131,20180821,42.6,99927
2131,20180822,43,39378
2131,20180823,43.35,74987
2131,20180824,43.8,63262
2131,20180827,44.3,75298
2131,20180828,43.35,69723
2131,20180829,42,281978
2131,20180830,40.95,131288
2131,20180831,40.05,201412
2131,20180904,39.45,336998
2131,20180905,38.4,72641
2131,20180906,38.35,69189
2131,20180907,37.1,63931
2131,20180910,37.05,52273
2131,20180911,37.05,203224
2131,20180912,38.15,175746
2131,20180913,38.2,75007
2131,20180914,38.75,53131
2131,20180917,38.95,62622
2131,20180918,39,92073
2131,20180919,39.1,63483
2131,20180920,38.8,36502
2486,20180817,49.5,2675773
2486,20180820,51.63,2208525
2486,20180821,52.25,2063782
2486,20180822,54.54,1229519
2486,20180823,56.1,2138924
2486,20180824,54.22,1786108
2486,20180827,54.39,2360287
2486,20180828,57.22,1494598
2486,20180829,57.09,1242769
2486,20180830,56.5,2243520
2486,20180831,53.14,4753033
2486,20180904,53.13,1568504
2486,20180905,51.18,1681079
2486,20180906,50.62,1702717
2486,20180907,48.26,1029310
2486,20180910,49.31,3098824
2486,20180911,45.26,2394498
2486,20180912,45,2957479
2486,20180913,47.79,2496390
2486,20180914,48.33,1962685
2486,20180917,44.7,1987721
2486,20180918,44.53,1227297
2486,20180919,45.43,1460568
2486,20180920,47.5,1751119
2649,20180817,10.42,198506
2649,20180820,10.29,211169
2649,20180821,10.27,87779
2649,20180822,10.57,153047
2649,20180823,10.81,125757
2649,20180824,10.84,151137
2649,20180827,11.1,152660
2649,20180828,11.05,149167
2649,20180829,10.87,128543
2649,20180830,10.83,108353
2649,20180831,10.78,103216
2649,20180904,10.93,148550
2649,20180905,10.72,129237
2649,20180906,10.42,161436
2649,20180907,10,190214
2649,20180910,10.25,121648
2649,20180911,10.17,197323
2649,20180912,9.89,199343
2649,20180913,9.71,154685
2649,20180914,9.61,239811
2649,20180917,9.41,286055
2649,20180918,9.36,199767
2649,20180919,9.46,155946
2649,20180920,9.68,277242
2805,20180817,17.25,378006
2805,20180820,17.31,279719
2805,20180821,17.19,535343
2805,20180822,17.52,1388222
2805,20180823,20.18,872427
2805,20180824,20.3,861223
2805,20180827,21.2,688623
2805,20180828,21.6,434696
2805,20180829,21.66,578579
2805,20180830,22.94,740600
2805,20180831,23.05,764257
2805,20180904,24.11,927206
2805,20180905,24.9,896445
2805,20180906,25,1510635
2805,20180907,25.16,635209
2805,20180910,25.66,734727
2805,20180911,27.19,1068587
2805,20180912,24.83,647924
2805,20180913,25.98,547179
2805,20180914,25.35,626825
2805,20180917,26.16,708296
2805,20180918,26.24,555035
2805,20180919,27.08,723970
2805,20180920,26.09,557284
3306,20180817,6.96,139583
3306,20180820,6.76,192878
3306,20180821,6.61,200990
3306,20180822,6.7,274321
3306,20180823,6.76,141919
3306,20180824,6.52,261155
3306,20180827,6.78,200234
3306,20180828,6.65,211843
3306,20180829,6.59,749299
3306,20180830,6.56,662935
3306,20180831,6.97,336868
3306,20180904,6.8,518681
3306,20180905,6.94,162570
3306,20180906,6.83,172535
3306,20180907,6.62,80809
3306,20180910,6.67,112127
3306,20180911,6.53,705053
3306,20180912,6.35,375196
3306,20180913,6.49,445653
3306,20180914,6.66,209193
3306,20180917,6.57,219065
3306,20180918,6.35,131267
3306,20180919,6.29,307399
3306,20180920,6.49,241239
3575,20180817,26.31,458775
3575,20180820,25.66,185761
3575,20180821,25.48,215508
3575,20180822,25.86,129121
3575,20180823,26.36,259339
3575,20180824,26.71,396527
3575,20180827,27,309916
3575,20180828,28.53,234395
3575,20180829,28.91,364898
3575,20180830,30.42,289205
3575,20180831,29.61,319410
3575,20180904,28.33,561007
3575,20180905,26.31,254495
3575,20180906,24.9,474719
3575,20180907,24.55,3609093
3575,20180910,20.27,1297890
3575,20180911,19.25,1000132
3575,20180912,18.35,1911648
3575,20180913,18.1,738236
3575,20180914,18.6,872389
3575,20180917,17.45,718118
3680,20180817,7.41,19122
3680,20180820,7.405,21799
3680,20180821,7.5,51839
3680,20180822,7.44,38261
3680,20180823,7.38,468848
3680,20180824,7.3,358978
3680,20180827,7.31,19680
3680,20180828,7.34,184932
3680,20180829,7.34,15508
3680,20180830,7.41,166856
3680,20180831,7.51,24830
3680,20180904,7.34,27142
3680,20180905,7.39,52308
3680,20180906,7.86,68106
3680,20180907,7.6999,10300
3680,20180910,7.804,52803
3680,20180911,7.725,59526
3680,20180912,7.59,26969
3680,20180913,7.6,20769
3680,20180914,7.46,22829
3680,20180917,7.65,36274
3680,20180918,7.85,72610
3680,20180919,7.81,32389
3680,20180920,7.9,42877
3712,20180817,44.86,1016050
3712,20180820,45.44,803639
3712,20180821,44.95,3966549
3712,20180822,45.75,2917436
3712,20180823,46.07,1171323
3712,20180824,46.44,782628
3712,20180827,47.09,1171237
3712,20180828,47.07,1586978
3712,20180829,45.57,1479566
3712,20180830,46.75,1168071
3712,20180831,45.84,1047563
3712,20180904,47.78,1577673
3712,20180905,47.27,1216258
3712,20180906,45.39,1190591
3712,20180907,44.77,725520
3712,20180910,45.41,1687521
3712,20180911,45.2,2481280
3712,20180912,43.12,1710192
3712,20180913,43.79,977069
3712,20180914,42.48,1558749
3712,20180917,42.14,2177212
3712,20180918,39.89,2361720
3712,20180919,40.56,1802522
3712,20180920,40.97,1249789
3990,20180817,34,95846
3990,20180820,34.05,101444
3990,20180821,34.2,130596
3990,20180822,33.2,153476
3990,20180823,34.5,145311
3990,20180824,33.75,162095
3990,20180827,33.75,125398
3990,20180828,34,150592
3990,20180829,33.4,166914
3990,20180830,32.15,214587
3990,20180831,32.15,217711
3990,20180904,34.05,181067
3990,20180905,33.9,116212
3990,20180906,32.55,178133
3990,20180907,32,114406
3990,20180910,31.8,106247
3990,20180911,31.2,142433
3990,20180912,31.45,116154
3990,20180913,31.8,96850
3990,20180914,31.6,163553
3990,20180917,31.5,140062
3990,20180918,30.9,95080
3990,20180919,30.8,108604
3990,20180920,30.75,127295
4132,20180817,12.37,324933
4132,20180820,13.02,162638
4132,20180821,12.98,178285
4132,20180822,13.39,129350
4132,20180823,13.35,196667
4132,20180824,13.51,219778
4132,20180827,14,217945
4132,20180828,14.1,236806
4132,20180829,14.25,137332
4132,20180830,13.97,302330
4132,20180831,14.2,175133
4132,20180904,14.25,230152
4132,20180905,14.03,203375
4132,20180906,14.13,146936
4132,20180907,14.08,211929
4132,20180910,14.55,198708
4132,20180911,14.39,214100
4132,20180912,13.39,466137
4132,20180913,13.07,216418
4132,20180914,12.55,155234
4132,20180917,12.58,169189
4132,20180918,12.24,258176
4132,20180919,12.5,417178
4132,20180920,12.3,194092
4343,20180817,20.87,7224086
4343,20180820,21.08,3608287
4343,20180821,20.78,4759136
4343,20180822,20.9,4135353
4343,20180823,20.97,4945375
4343,20180824,21.24,4808988
4343,20180827,22.35,5575455
4343,20180828,22.9,5250321
4343,20180829,22.86,5798244
4343,20180830,22.27,5452883
4343,20180831,21.36,4834206
4343,20180904,23.07,8780227
4343,20180905,23.46,4789631
4343,20180906,24.35,5942105
4343,20180907,25.14,3712332
4343,20180910,25.32,3797088
4343,20180911,24.19,3091152
4343,20180912,22.69,3771313
4343,20180913,23.18,4486119
4343,20180914,24.63,4223685
4343,20180917,24.63,4383014
4343,20180918,23.81,11678782
4343,20180919,21.44,7115622
4343,20180920,21.15,13167411
5039,20180817,14.1,268192
5039,20180820,14.35,380522
5039,20180821,13.7,322571
5039,20180822,13.7,164305
5039,20180823,13.75,297908
5039,20180824,13.8,267278
5039,20180827,13.8,209569
5039,20180828,14.05,462951
5039,20180829,14.55,637315
5039,20180830,15.3,453432
5039,20180831,15,448258
5039,20180904,14.3,485393
5039,20180905,13.9,613803
5039,20180906,13.15,489327
5039,20180907,10.45,3156934
5039,20180910,8.95,1446211
5039,20180911,8,953727
5039,20180912,7.9,684856
5039,20180913,7.45,826716
5039,20180914,7.65,845397
5039,20180917,8,556512
5039,20180918,7.6,417026
5039,20180919,7.5,441048
5039,20180920,7.4,345743
5751,20180817,25.35,202067
5751,20180820,25.2,174713
5751,20180821,25,273504
5751,20180822,26,163214
5751,20180823,25.41,145452
5751,20180824,24.85,158677
5751,20180827,26.27,3073088
5751,20180828,23.68,2033510
5751,20180829,23.18,1101326
5751,20180830,23.97,579435
5751,20180831,23.21,1379450
5751,20180904,22.86,262398
5751,20180905,24,292542
5751,20180906,24.53,243628
5751,20180907,24.77,198651
5751,20180910,24.94,165856
5751,20180911,25.45,168926
5751,20180912,26.42,261790
5751,20180913,27.5,196703
5751,20180914,27.75,306329
5751,20180917,25.21,286503
5751,20180918,25.91,174989
5751,20180919,26.69,169230
5751,20180920,27.16,366480
6989,20180817,14.38,1167440
6989,20180820,14.64,261707
6989,20180821,15.38,384935
6989,20180822,15.78,224760
6989,20180823,15.79,212661
6989,20180824,15.29,237769
6989,20180827,15.25,209781
6989,20180828,15.45,155382
6989,20180829,15.34,202008
6989,20180830,15,239622
6989,20180831,14.93,155163
6989,20180904,14.68,177976
6989,20180905,15.18,156681
6989,20180906,15.21,178517
6989,20180907,14.71,179634
6989,20180910,14.43,177933
6989,20180911,14,254073
6989,20180912,14.8,139015
6989,20180913,14.19,209499
6989,20180914,14.25,249902
6989,20180917,13.85,278717
6989,20180918,13.97,203037
6989,20180919,14.55,159538
6989,20180920,14.64,151405
6999,20180817,15.17,1633156
6999,20180820,15.4,3606903
6999,20180821,16,5170595
6999,20180822,16.54,6602977
6999,20180823,16.98,3583502
6999,20180824,16.76,4525550
6999,20180827,16.47,14651114
6999,20180828,14.71,6817010
6999,20180829,14.14,4099572
6999,20180830,13.99,3933447
6999,20180831,13.61,3723983
6999,20180904,13.17,5935032
6999,20180905,13.97,17467728
6999,20180906,16.15,6777164
6999,20180907,15.25,6795584
6999,20180910,16.16,2727699
6999,20180911,16,2790633
6999,20180912,16.17,3395204
6999,20180913,16.71,3689077
6999,20180914,16.97,3005541
6999,20180917,16.71,2231985
6999,20180918,16.42,1786824
6999,20180919,16.5,1798243
6999,20180920,16.6,1604040
7544,20180817,9.52,48260
7544,20180820,9.63,36080
7544,20180821,9.855,75000
7544,20180822,9.9,67634
7544,20180823,9.75,52086
7544,20180824,9.79,121331
7544,20180827,9.857,59518
7544,20180828,9.92,63998
7544,20180829,9.885,33462
7544,20180830,9.91,25868
7544,20180831,9.7,322334
7544,20180904,9.38,45117
7544,20180905,9.31,89894
7544,20180906,9.2875,35350
7544,20180907,9.16,47942
7544,20180910,9.205,82403
7544,20180911,9.083,140411
7544,20180912,9.11,57398
7544,20180913,9.33,52312
7544,20180914,9.3,63002
7544,20180917,9.264,67532
7544,20180918,9.22,119194
7544,20180919,9.24,66445
7544,20180920,9.545,44588
7581,20180817,26.31,1081222
7581,20180820,26.5,2057429
7581,20180821,28.02,1723977
7581,20180822,28.44,979758
7581,20180823,28.66,1636303
7581,20180824,28.14,1482197
7581,20180827,26.81,1921624
7581,20180828,25.7,2933486
7581,20180829,24.28,1733989
7581,20180830,23.77,1476679
7581,20180831,22.91,1139112
7581,20180904,22.9,1147482
7581,20180905,23.49,1015567
7581,20180906,22.52,846463
7581,20180907,22.93,1154351
7581,20180910,23.78,1085698
7581,20180911,25.24,1583278
7581,20180912,23.38,1377605
7581,20180913,22.2,1854605
7581,20180914,20.16,2297475
7581,20180917,18.75,2742000
7581,20180918,19.23,1938758
7581,20180919,18.01,2500178
7581,20180920,19.37,1775791
7688,20180817,50.8,402056
7688,20180820,53.4,395114
7688,20180821,53.8,402093
7688,20180822,54.45,488177
7688,20180823,56.8,502790
7688,20180824,56.05,228703
7688,20180827,56.05,811133
7688,20180828,51.2,437384
7688,20180829,51.5,620543
7688,20180830,50.05,253723
7688,20180831,52.1,297808
7688,20180904,53.45,208271
7688,20180905,53,262457
7688,20180906,51.8,264423
7688,20180907,52.95,502872
7688,20180910,56.1,339454
7688,20180911,54.45,177656
7688,20180912,54.95,421059
7688,20180913,51.65,176249
7688,20180914,52.3,279288
7688,20180917,53.1,279273
7688,20180918,53.2,159021
7688,20180919,52,137098
7688,20180920,52,327630
8601,20180817,16.8,283630
8601,20180820,16.55,112818
8601,20180821,16.8,101252
8601,20180822,16.7,198256
8601,20180823,17.6,147756
8601,20180824,17.3,148409
8601,20180827,17.4,91383
8601,20180828,17.55,79010
8601,20180829,17.3,73740
8601,20180830,17.35,126247
8601,20180831,17.6,185593
8601,20180904,17.95,182134
8601,20180905,17.5,110981
8601,20180906,17.15,273569
8601,20180907,16.3,139118
8601,20180910,16.85,189840
8601,20180911,16.3,87399
8601,20180912,16.75,129458
8601,20180913,16,326930
8601,20180914,14.6,93927
8601,20180917,15.15,71577
8601,20180918,15.4,112542
8601,20180919,15.1,84970
8601,20180920,15.35,138531
9092,20180817,7.47,30013892
9092,20180820,8.1,21218377
9092,20180821,8.16,12846057
9092,20180822,8.45,10559523
9092,20180823,8.04,21316167
9092,20180824,7.84,23499781
9092,20180827,8.5,12175181
9092,20180828,9.09,26082995
9092,20180829,8.37,10277758
9092,20180830,8.09,13165443
9092,20180831,7.91,11480997
9092,20180904,7.53,15957197
9092,20180905,7.48,15047103
9092,20180906,7.3,17150338
9092,20180907,7.07,14851239
9092,20180910,7.13,13524892
9092,20180911,6.54,15453987
9092,20180912,6.72,23496077
9092,20180913,7.78,18653783
9092,20180914,7.32,10477147
9092,20180917,7.25,13971697
9092,20180918,7.6,10228206
9092,20180919,7.73,16007646
9092,20180920,8.54,16719816
9218,20180817,12.49,226066
9218,20180820,12.17,319748
9218,20180821,12.68,668861
9218,20180822,13.99,630820
9218,20180823,13.45,1164830
9218,20180824,12.9,613826
9218,20180827,12.92,418229
9218,20180828,12.86,145046
9218,20180829,12.82,250961
9218,20180830,12.93,223930
9218,20180831,13.32,128096
9218,20180904,13.51,165286
9218,20180905,13.22,169552
9218,20180906,12.35,620272
9218,20180907,11.25,225693
9218,20180910,11.39,143743
9218,20180911,11.27,205015
9218,20180912,10.98,228580
9218,20180913,10.96,200471
9218,20180914,11.26,114310
9218,20180917,11.08,120221
9218,20180918,10.64,138202
9218,20180919,10.68,115144
9218,20180920,10.74,139522
9363,20180817,18.93,2731323
9363,20180820,20,1293388
9363,20180821,19.58,831507
9363,20180822,19.86,798223
9363,20180823,19.34,1127044
9363,20180824,19.28,1551402
9363,20180827,19.59,886501
9363,20180828,19.77,1046302
9363,20180829,19.13,1028858
9363,20180830,19.06,1121148
9363,20180831,18.68,662609
9363,20180904,18.11,811326
9363,20180905,18.6,839890
9363,20180906,18.21,739407
9363,20180907,18.14,845102
9363,20180910,18.42,820779
9363,20180911,17.97,1009348
9363,20180912,18.35,1353803
9363,20180913,19.38,1106724
9363,20180914,19.19,1009784
9363,20180917,18.35,5245162
9363,20180918,18.29,3391291
9363,20180919,18.07,2899889
9363,20180920,18.37,2990885
9699,20180817,11.15,477466
9699,20180820,11.23,347278
9699,20180821,11.47,137287
9699,20180822,11.59,85488
9699,20180823,11.32,84485
9699,20180824,11.19,82912
9699,20180827,11.2,192163
9699,20180828,11.09,271296
9699,20180829,11.67,373908
9699,20180830,12.09,181544
9699,20180831,11.87,279497
9699,20180904,12.71,352927
9699,20180905,12.8,142151
9699,20180906,12.57,174613
9699,20180907,13,131147
9699,20180910,12.66,119456
9699,20180911,12.39,134874
9699,20180912,12.68,158488
9699,20180913,12.22,152135
9699,20180914,12.53,158537
9699,20180917,12.9,171570
9699,20180918,12.36,242733
9699,20180919,11.93,535643
9699,20180920,10.59,195915
9778,20180817,22.39,668234
9778,20180820,22.81,348140
9778,20180821,23.2,454238
9778,20180822,23.92,340620
9778,20180823,23.56,567465
9778,20180824,22.5,230720
9778,20180827,22.94,316181
9778,20180828,23.12,511119
9778,20180829,23.35,359356
9778,20180830,23.13,211302
9778,20180831,23.53,295143
9778,20180904,23.09,545561
9778,20180905,23.69,153689
9778,20180906,23.32,253854
9778,20180907,22.25,566078
9778,20180910,22.53,121787
9778,20180911,22.22,533048
9778,20180912,22.4,563097
9778,20180913,21.45,315382
9778,20180914,21.25,338199
9778,20180917,20.58,359010
9778,20180918,20.25,256456
9778,20180919,21,194923
9778,20180920,22.3,202334
10328,20180817,58.13,765102
10328,20180820,58.01,632904
10328,20180821,56.66,394329
10328,20180822,56.81,440217
10328,20180823,55.22,2131948
10328,20180824,55.54,1177005
10328,20180827,55.79,1682536
10328,20180828,56.26,1313798
10328,20180829,57.98,1989681
10328,20180830,59.03,1435992
10328,20180831,58.39,1080581
10328,20180904,60.2,932338
10328,20180905,61.45,1009824
10328,20180906,58.17,696608
10328,20180907,57.66,1009763
10328,20180910,58.71,937142
10328,20180911,61.62,850249
10328,20180912,62.88,580805
10328,20180913,62.81,414789
10328,20180914,62.31,397704
10328,20180917,62.81,1051331
10328,20180918,62.29,541908
10328,20180919,64.07,1822807
10328,20180920,57.8,600914
10402,20180817,5.97,82200
10402,20180820,6.11,45354
10402,20180821,6.06,77245
10402,20180822,6.2,105805
10402,20180823,6.3,83255
10402,20180824,6.2,74421
10402,20180827,6.15,54008
10402,20180828,6.25,140753
10402,20180829,5.89,203268
10402,20180830,5.72,138399
10402,20180831,5.81,250507
10402,20180904,6.23,168646
10402,20180905,5.94,123109
10402,20180906,5.9,101307
10402,20180907,5.87,67042
10402,20180910,5.95,65075
10402,20180911,6.04,118546
10402,20180912,5.89,153809
10402,20180913,5.6966,209373
10402,20180914,5.78,43938
10402,20180917,5.67,91559
10402,20180918,5.8,79544
10402,20180919,5.75,71983
10402,20180920,5.8,199950
10484,20180817,20.06,1889555
10484,20180820,20.41,1274851
10484,20180821,20.56,1947696
10484,20180822,20.51,1402417
10484,20180823,20.55,2222970
10484,20180824,20.73,3248326
10484,20180827,20.75,2284656
10484,20180828,20.54,1628707
10484,20180829,20.54,3000053
10484,20180830,19,13084904
10484,20180831,17.01,7299879
10484,20180904,16.65,6030360
10484,20180905,16.18,4115515
10484,20180906,16.01,3239819
10484,20180907,16.35,4712926
10484,20180910,16.57,5122557
10484,20180911,17.34,3101090
10484,20180912,17.19,2258243
10484,20180913,17.45,1881869
10484,20180914,17.16,3135340
10484,20180917,17.26,3381251
10484,20180918,16.72,2872821
10484,20180919,16.69,2644884
10484,20180920,16.34,1912333
10831,20180817,12.58,157622
10831,20180820,12.19,129196
10831,20180821,13,180322
10831,20180822,12.34,108112
10831,20180823,13.05,89500
10831,20180824,12.79,55644
10831,20180827,13.19,157569
10831,20180828,13.52,82531
10831,20180829,13.67,105694
10831,20180830,13.76,120033
10831,20180831,13.78,51333
10831,20180904,13.9,59766
10831,20180905,14.55,179570
10831,20180906,13.76,125310
10831,20180907,13.26,62920
10831,20180910,13.79,85789
10831,20180911,14,118986
10831,20180912,14.22,110027
10831,20180913,14.05,136964
10831,20180914,14.05,100006
10831,20180917,15.5,921148
10831,20180918,11.28,485913
10831,20180919,12.17,169531
10831,20180920,12.16,86048
11627,20180817,25.04,396020
11627,20180820,25.09,434798
11627,20180821,25.05,421654
11627,20180822,25.86,393802
11627,20180823,26.68,671568
11627,20180824,27.89,623210
11627,20180827,28.99,888720
11627,20180828,28.91,721501
11627,20180829,28,1500608
11627,20180830,27.48,910120
11627,20180831,27.35,519763
11627,20180904,27.67,683776
11627,20180905,27.74,529837
11627,20180906,27.15,543406
11627,20180907,26.36,574760
11627,20180910,26.47,1028466
11627,20180911,25.58,1298883
11627,20180912,25.12,466748
11627,20180913,25.02,1336891
11627,20180914,25.13,1412412
11627,20180917,24.42,727268
11627,20180918,23.79,514369
11627,20180919,24.4,798943
11627,20180920,23.59,611361
13141,20180817,25.43,1271039
13141,20180820,25.73,1152373
13141,20180821,25.15,1614552
13141,20180822,25.18,1380775
13141,20180823,26.54,1005186
13141,20180824,26.86,2991935
13141,20180827,30.01,4436004
13141,20180828,28.78,1793097
13141,20180829,28.55,1386677
13141,20180830,28.61,1164511
13141,20180831,28.87,1728673
13141,20180904,29.69,1323235
13141,20180905,29.29,1016920
13141,20180906,29.62,877941
13141,20180907,28.4,1609269
13141,20180910,27.62,694092
13141,20180911,27.91,840464
13141,20180912,29.2,1507452
13141,20180913,29.11,981084
13141,20180914,29.25,913177
13141,20180917,29.46,855494
13141,20180918,28.4,609897
13141,20180919,28.16,561439
13141,20180920,28.87,1066633
13580,20180817,12.04,240312
13580,20180820,12.09,298938
13580,20180821,11.89,309808
13580,20180822,12.17,432595
13580,20180823,12.23,432125
13580,20180824,12.11,429406
13580,20180827,12.07,436076
13580,20180828,11.56,501852
13580,20180829,11.33,652836
13580,20180830,11.38,387166
13580,20180831,11.81,234026
13580,20180904,11.83,260678
13580,20180905,11.39,406296
13580,20180906,11.28,502544
13580,20180907,10.45,494786
13580,20180910,10.54,302714
13580,20180911,10.88,484607
13580,20180912,11.3,557668
13580,20180913,11.47,356446
13580,20180914,11.2,414569
13580,20180917,11.27,374833
13580,20180918,11.22,408377
13580,20180919,11.33,437290
13580,20180920,11.73,564182
13614,20180817,70.7,257431
13614,20180820,72.19,227443
13614,20180821,74.91,315734
13614,20180822,74.51,222267
13614,20180823,78.4,238511
13614,20180824,77.13,211142
13614,20180827,76,253378
13614,20180828,76,488881
13614,20180829,83.49,303000
13614,20180830,85.34,190614
13614,20180831,86.96,236587
13614,20180904,86.37,257505
13614,20180905,85.43,221129
13614,20180906,87.2,232969
13614,20180907,84.65,178107
13614,20180910,84.08,366107
13614,20180911,82.88,241134
13614,20180912,84.46,255183
13614,20180913,87.69,270561
13614,20180914,90,212993
13614,20180917,91.76,278512
13614,20180918,91.85,239540
13614,20180919,90,358371
13614,20180920,85.71,311919
14434,20180817,10.2,26450
14434,20180820,10.25,56804
14434,20180821,10.15,106399
14434,20180822,9.95,84705
14434,20180823,9.9,35415
14434,20180824,10,108495
14434,20180827,10,160433
14434,20180828,10.1,85232
14434,20180829,10.15,43586
14434,20180830,10.2,93285
14434,20180831,10.3,44801
14434,20180904,10.25,31366
14434,20180905,10.05,53908
14434,20180906,10.1,44933
14434,20180907,10.15,46900
14434,20180910,10.2,39718
14434,20180911,10.05,137609
14434,20180912,10.05,48100
14434,20180913,10,91617
14434,20180914,10.05,198925
14434,20180917,9.95,52033
14434,20180918,9.95,49105
14434,20180919,10,54339
14434,20180920,10,66923
15491,20180817,9.94,1077503
15491,20180820,9.29,1317386
15491,20180821,8.83,693951
15491,20180822,8.8,939735
15491,20180823,9.3,612840
15491,20180824,7.86,12881800
15491,20180827,6.36,4901508
15491,20180828,6.11,4236017
15491,20180829,5.92,3343433
15491,20180830,5.48,5211658
15491,20180831,5.22,5722353
15491,20180904,6.57,2771011
15491,20180905,6.36,2846364
15491,20180906,7.06,4678658
15491,20180907,8,2328775
15491,20180910,7.76,1464277
15491,20180911,7.51,1481618
15491,20180912,7.41,1076730
15491,20180913,7.42,1580975
15491,20180914,6.96,1364621
15491,20180917,6.93,1369382
15491,20180918,7.47,1156914
15491,20180919,7.37,4087756
15491,20180920,8.05,4574751
15856,20180817,18.88,34853
15856,20180820,19.38,25513
15856,20180821,19.44,31480
15856,20180822,19.62,25387
15856,20180823,19.4825,1025972
15856,20180824,19.37,22316
15856,20180827,19.38,170305
15856,20180828,19.62,31194
15856,20180829,19.22,20973
15856,20180830,19.057,70701
15856,20180831,19.07,412018
15856,20180904,19,24301
15856,20180905,18.7625,33737
15856,20180906,19.01,33262
15856,20180907,19.05,29097
15856,20180910,19.59,48142
15856,20180911,19.2725,23985
15856,20180912,19.3,23680
15856,20180913,19.89,19121
15856,20180914,19.73,32694
15856,20180917,20.03,26161
15856,20180918,20.24,37672
15856,20180919,20.1,72047
15856,20180920,20.24,25319
16046,20180817,20.3,39111
16046,20180820,20.63,282632
16046,20180821,20.8,171450
16046,20180822,20.7,199231
16046,20180823,20.54,693658
16046,20180824,20.76,261072
16046,20180827,21.1,301617
16046,20180828,21.15,356986
16046,20180829,20.618,1220757
16046,20180830,20.89,283899
16046,20180831,20.9,464291
16046,20180904,20.9,269846
16046,20180905,20.3,640402
16046,20180906,19.95,2153577
16046,20180907,19.61,1341481
16046,20180910,19.986,578473
16046,20180911,20.525,1028302
16046,20180912,20.42,749835
16046,20180913,20.885,558905
16046,20180914,21,2285306
16046,20180917,21.43,706849
16046,20180918,21.35,692203
16046,20180919,21.09,989729
16046,20180920,21.19,572543
16151,20180817,33.91,3730230
16151,20180820,34.65,2829514
16151,20180821,36.18,2581103
16151,20180822,35.75,3812259
16151,20180823,38.2,3364334
16151,20180824,39.7,4580012
16151,20180827,38.5,4086646
16151,20180828,41.5,2854184
16151,20180829,40.57,2518751
16151,20180830,41.5,3121412
16151,20180831,44.4,4024008
16151,20180904,46.8,3168448
16151,20180905,46.87,5254827
16151,20180906,45.28,2750851
16151,20180907,43.64,2866672
16151,20180910,45.85,2520527
16151,20180911,45.71,2115750
16151,20180912,46.26,3106538
16151,20180913,49.27,3883024
16151,20180914,48.78,5191863
16151,20180917,47.85,10170310
16151,20180918,39.03,11292800
16151,20180919,42.34,4086105
16151,20180920,41.1484,4935219
16577,20180817,12.85,141859
16577,20180820,13.1,106325
16577,20180821,12.9,61921
16577,20180822,12.65,99026
16577,20180823,12.75,53401
16577,20180824,12.8,82041
16577,20180827,12.9,45942
16577,20180828,12.7,40994
16577,20180829,12.4,71509
16577,20180830,12.4,55469
16577,20180831,12.4,42031
16577,20180904,12.5,127092
16577,20180905,12.2,74022
16577,20180906,11.5,102639
16577,20180907,11.6,57455
16577,20180910,11.65,42362
16577,20180911,11.85,41834
16577,20180912,11.95,49047
16577,20180913,11.9,49594
16577,20180914,12,53286
16577,20180917,11.65,44938
16577,20180918,11.3,80061
16577,20180919,10.95,78192
16577,20180920,11,62103
16666,20180817,8.75,160273
16666,20180820,8.8,229968
16666,20180821,8.83,292674
16666,20180822,8.82,137315
16666,20180823,8.8,82517
16666,20180824,8.71,110763
16666,20180827,8.85,182571
16666,20180828,8.85,327497
16666,20180829,8.9,372881
16666,20180830,7.65,1599495
16666,20180831,7.45,1122632
16666,20180904,7.2,1252442
16666,20180905,6.66,1140379
16666,20180906,6.26,696853
16666,20180907,6.21,568567
16666,20180910,6.26,396928
16666,20180911,6.04,638155
16666,20180912,5.97,574741
16666,20180913,6.11,375294
16666,20180914,6.3,435541
16666,20180917,6.42,384579
16666,20180918,6.48,513211
16666,20180919,6.58,451545
16666,20180920,6.87,640915
18066,20180817,9.51,129674
18066,20180820,9.08,265396
18066,20180821,9.3,156745
18066,20180822,9.31,453488
18066,20180823,9.46,455790
18066,20180824,9.56,198758
18066,20180827,9.58,249589
18066,20180828,9.26,133635
18066,20180829,9.35,109680
18066,20180830,9.31,148257
18066,20180831,9.39,126037
18066,20180904,9.5,107257
18066,20180905,9.35,176935
18066,20180906,8.84,154635
18066,20180907,8.87,191725
18066,20180910,8.94,321140
18066,20180911,9.59,482399
18066,20180912,10.27,356715
18066,20180913,10.46,209697
18066,20180914,10.68,150406
18066,20180917,10.22,151351
18066,20180918,9.75,203509
18066,20180919,10.37,552934
18066,20180920,11.24,582700